"start_url","nid"
"/content/aboutus/statisticsandreports/stats_State_Assessed_Data_Visualization.aspx","node/4101"
"/content/aboutus/statisticsandreports/stats_Rates_Data_Visualization.aspx","node/4102"
"/content/aboutus/statisticsandreports/stats_ResValues_Data_Visualization.aspx","node/4103"
"/content/aboutus/statisticsandreports/stats_Levies_Data_Visualization.aspx","node/4104"
"/content/aboutus/statisticsandreports/stats_Relief_Data_Visualization.aspx","node/4105"
"/content/aboutus/statisticsandreports/2016/Tax_Exemptions_2016/Data_Visualization.aspx","node/4106"
"/content/aboutus/statisticsandreports/stats_CurrentUse_Data_Visualization.aspx","node/4107"
"/content/aboutus/statisticsandreports/stats_PTHistory_Data_Visualization.aspx","node/4108"
"/content/aboutus/statisticsandreports/2013/Compare13/Data_Visualization.aspx","node/4109"
"/content/aboutus/statisticsandreports/stats_MajorTD_Data_Visualization.aspx","node/4110"
"/content/aboutus/statisticsandreports/stats_taxIncentive_publicDisclosure.aspx","node/4111"
"/content/aboutus/statisticsandreports/sic_vs_naics.aspx","node/8895"
"/Content/FindTaxesAndRates/RetailSalesTax/Exemptions.aspx","node/8896"
"/content/fileandpaytaxes/BeforeIFile/Def_TxClassSalesAndUse.aspx","node/8897"
"/content/AboutUs/StatisticsAndReports/questions.aspx","node/8898"
"/content/fileandpaytaxes/BeforeIFile/Def_TxClassLodging.aspx","node/8899"
"/Content/FileAndPayTaxes/FileOrAmendMyReturn/EfileTaxPreparers.aspx","node/8900"
"/content/fileandpaytaxes/BeforeIFile/Def_TxClassOther.aspx","node/8901"
"/Content/FileAndPayTaxes/BeforeIFile/Def_TxClassBandO.aspx","node/8902"
"/content/FileAndPayTaxes/FilingFrequenciesAndDueDates/doingBus_AnnFilers.aspx","node/8903"
"/content/FindTaxesAndRates/TaxIncentives/Def_Credits.aspx","node/8904"
"/content/findtaxesandrates/SalesAndUseTaxRates/doingBus_LocSaTxChNts.aspx","node/8905"
"/Content/GetAFormOrPublication/FormBySubject/forms_sale.aspx","node/8906"
"/content/getaformorpublication/FormBySubject/forms_prop.aspx","node/8907"
"/content/GetAFormOrPublication/PublicationBySubject/default.aspx","node/8908"
"/content/getaformorpublication/publicationbysubject/taxtopics/nonresidentvessel.aspx","node/8909"
"/Content/AboutUs/StatisticsAndReports/stats_RMJTaxes.aspx","node/8910"
"/Content/AboutUs/StatisticsAndReports/stats_MMJTaxes.aspx","node/8911"
"/Content/AboutUs/StatisticsAndReports/stats_TaxAlternative.aspx","node/8912"
"/Content/AboutUs/StatisticsAndReports/stats_ltd1995.aspx","node/8913"
"/Content/GetAFormOrPublication/PublicationBySubject/TaxTopics/LocalGovtFitness.aspx","node/8914"
"/content/getaformorpublication/FormBySubject/excise/forms_excise_Quarterly.aspx","node/8915"
"/Content/AboutUs/StatisticsAndReports/stats_taxstats.aspx","node/8916"
"/content/getaformorpublication/FormBySubject/excise/forms_excise_retailing.aspx","node/8917"
"/content/getaformorpublication/FormBySubject/excise/forms_excise_retailingQuarterly.aspx","node/8918"
"/content/GetAFormOrPublication/FormBySubject/forms_cessation.aspx","node/8919"
"/Content/GetAFormOrPublication/FormBySubject/forms_electronic.aspx","node/8920"
"/content/getaformorpublication/formbysubject/forms_EstateTax.aspx","node/8921"
"/content/getaformorpublication/publicationbysubject/taxtopics/constructioncleanupsvc.aspx","node/8922"
"/content/getaformorpublication/formbysubject/forms_LodgingAdd.aspx","node/8923"
"/Content/GetAFormOrPublication/PublicationBySubject/TaxTopics/ConcretePumping.aspx","node/8924"
"/Content/AboutUs/StatisticsAndReports/stats_ltd1996.aspx","node/8925"
"/Content/AboutUs/StatisticsAndReports/stats_ltd1997.aspx","node/8926"
"/Content/AboutUs/StatisticsAndReports/stats_ltd1998.aspx","node/8927"
"/Content/AboutUs/StatisticsAndReports/stats_NonGeneral_Fund.aspx","node/8928"
"/content/AboutUs/StatisticsAndReports/stats_sautival.aspx","node/8929"
"/Content/AboutUs/StatisticsAndReports/stats_qbr.aspx","node/8930"
"/Content/AboutUs/StatisticsAndReports/stats_qbr1995.aspx","node/8931"
"/Content/AboutUs/StatisticsAndReports/stats_qbr1996.aspx","node/8932"
"/Content/AboutUs/StatisticsAndReports/stats_qbr1997.aspx","node/8933"
"/Content/AboutUs/StatisticsAndReports/stats_qbr1998.aspx","node/8934"
"/Content/AboutUs/StatisticsAndReports/stats_qbr1999.aspx","node/8935"
"/Content/AboutUs/StatisticsAndReports/stats_qbr2000.aspx","node/8936"
"/Content/AboutUs/StatisticsAndReports/stats_qbr2001.aspx","node/8937"
"/Content/AboutUs/StatisticsAndReports/stats_qbr2002.aspx","node/8938"
"/Content/AboutUs/StatisticsAndReports/stats_qbr2003.aspx","node/8939"
"/Content/AboutUs/StatisticsAndReports/stats_qbr2004.aspx","node/8940"
"/Content/GetAFormOrPublication/PublicationBySubject/TaxTopics/SelfPublishing.aspx","node/8941"
"/Content/AboutUs/StatisticsAndReports/stats_qbr2005.aspx","node/8942"
"/Content/AboutUs/StatisticsAndReports/stats_qbr2007.aspx","node/8943"
"/Content/AboutUs/StatisticsAndReports/stats_qbr2006.aspx","node/8944"
"/Content/AboutUs/StatisticsAndReports/stats_qbr2008.aspx","node/8945"
"/Content/AboutUs/StatisticsAndReports/stats_qbr2009.aspx","node/8946"
"/Content/AboutUs/StatisticsAndReports/stats_qbr2010.aspx","node/8947"
"/Content/AboutUs/StatisticsAndReports/stats_qbr2011.aspx","node/8948"
"/Content/AboutUs/StatisticsAndReports/stats_qbr2012.aspx","node/8949"
"/Content/AboutUs/StatisticsAndReports/stats_qbr2013.aspx","node/8950"
"/Content/AboutUs/StatisticsAndReports/stats_qbr2014.aspx","node/8951"
"/Content/AboutUs/StatisticsAndReports/stats_qbr2015.aspx","node/8952"
"/content/aboutus/statisticsandreports/TID/StatisticsReports.aspx","node/8953"
"/content/aboutus/statisticsandreports/TID/StatisticsReports.aspx?query=gbinaics","node/8954"
"/content/aboutus/statisticsandreports/TID/StatisticsReports.aspx?query=historical","node/8955"
"/content/aboutus/statisticsandreports/TID/StatisticsReports.aspx?Query=LocalSales","node/8956"
"/content/aboutus/statisticsandreports/TID/StatisticsReports.aspx?query=localall","node/8957"
"/content/aboutus/statisticsandreports/TID/StatisticsReports.aspx?query=qbrnaics","node/8958"
"/content/aboutus/statisticsandreports/TID/StatisticsReports.aspx?Query=LocalSingle","node/8959"
"/content/aboutus/statisticsandreports/TID/StatisticsReports.aspx?query=statesalesnaics","node/8960"
"/content/findtaxesandrates/SalesAndUseTaxRates/Determining.aspx","node/8961"
"/Content/AboutUs/StatisticsAndReports/stats_proptaxstats_report.aspx","node/8962"
"/Content/AboutUs/StatisticsAndReports/stats_ltd1999.aspx","node/8963"
"/Content/GetAFormOrPublication/Default.aspx","node/8964"
"/content/GetAFormOrPublication/FormByName/default.aspx","node/8965"
"/content/GetAFormOrPublication/FormBySubject/default.aspx","node/8966"
"/Content/AboutUs/StatisticsAndReports/stats_qbr2016.aspx","node/8967"
"/content/getaformorpublication/FormBySubject/excise/forms_excise_Annually.aspx","node/8968"
"/content/getaformorpublication/FormBySubject/excise/forms_excise_BOActQuarterly.aspx","node/8969"
"/Content/GetAFormOrPublication/FormBySubject/forms_cig.aspx","node/8970"
"/content/getaformorpublication/FormBySubject/excise/forms_excise_Monthly.aspx","node/8971"
"/content/getaformorpublication/formbysubject/forms_forst.aspx","node/8972"
"/content/getaformorpublication/formbysubject/forms_lshold.aspx","node/8973"
"/content/getaformorpublication/publicationbysubject/tax_sn_main.aspx","node/8974"
"/Content/GetAFormOrPublication/PublicationBySubject/PropertyTax/BallotMeasures/default.aspx","node/8975"
"/Content/GetAFormOrPublication/PublicationBySubject/tax_sn_old.aspx","node/8976"
"/content/getaformorpublication/publicationbysubject/taxtopics/","node/8977"
"/content/aboutus/statisticsandreports/TID/StatisticsReports.aspx?query=localsalesnaics","node/8978"
"/Content/GetAFormOrPublication/PublicationBySubject/TaxTopics/1099MISCincome.aspx","node/8979"
"/Content/GetAFormOrPublication/PublicationBySubject/TaxTopics/AdvertisingAgencies.aspx","node/8980"
"/Content/GetAFormOrPublication/PublicationBySubject/TaxTopics/Airbnd.aspx","node/8981"
"/Content/GetAFormOrPublication/PublicationBySubject/TaxTopics/amusmentrecsvcs.aspx","node/8982"
"/Content/GetAFormOrPublication/PublicationBySubject/TaxTopics/AutoRepair.aspx","node/8983"
"/Content/GetAFormOrPublication/PublicationBySubject/TaxTopics/BakeryItems.aspx","node/8984"
"/content/getaformorpublication/publicationbysubject/taxtopics/directsales.aspx","node/8985"
"/Content/GetAFormOrPublication/PublicationBySubject/TaxTopics/DomainNames.aspx","node/8986"
"/Content/AboutUs/StatisticsAndReports/stats_proptaxstats_Assessor.aspx","node/8987"
"/Content/GetAFormOrPublication/PublicationBySubject/TaxTopics/default.aspx","node/8988"
"/Content/GetAFormOrPublication/PublicationBySubject/TaxTopics/DieselVehicleSettlement.aspx","node/8989"
"/Content/GetAFormOrPublication/PublicationBySubject/TaxTopics/DrinkingWater.aspx","node/8990"
"/Content/GetAFormOrPublication/PublicationBySubject/TaxTopics/ElectricVehicles.aspx","node/8991"
"/Content/GetAFormOrPublication/PublicationBySubject/TaxTopics/DropShipment.aspx","node/8992"
"/Content/GetAFormOrPublication/PublicationBySubject/TaxTopics/IndivFishingQuotas.aspx","node/8993"
"/Content/GetAFormOrPublication/PublicationBySubject/TaxTopics/InteriorCleaningSvcs.aspx","node/8994"
"/Content/AboutUs/StatisticsAndReports/stats_localretailsales.aspx","node/8995"
"/Content/GetAFormOrPublication/PublicationBySubject/TaxTopics/taxfreecigarettes.aspx","node/8996"
"/Content/AboutUs/StatisticsAndReports/stats_localsales.aspx","node/8997"
"/Content/GetAFormOrPublication/PublicationBySubject/TaxTopics/AviationtFuelSales.aspx","node/8998"
"/Content/AboutUs/StatisticsAndReports/stats_lrs1997.aspx","node/8999"
"/Content/AboutUs/StatisticsAndReports/stats_lrs1998.aspx","node/9000"
"/Content/AboutUs/StatisticsAndReports/stats_lrs1999.aspx","node/9001"
"/Content/FindTaxesAndRates/PropertyTax/prop_UtilCapStudies.aspx","node/9002"
"/content/getaformorpublication/PublicationByName/default.aspx","node/9003"
"/content/getaformorpublication/formbyname/forms_alpha_v.aspx","node/9004"
"/Content/AboutUs/StatisticsAndReports/stats_ltd2000.aspx","node/9005"
"/content/getaformorpublication/formbyname/forms_alpha_b.aspx","node/9006"
"/content/getaformorpublication/formbyname/forms_alpha_c.aspx","node/9007"
"/content/getaformorpublication/formbyname/forms_alpha_d.aspx","node/9008"
"/content/getaformorpublication/formbyname/forms_alpha_e.aspx","node/9009"
"/content/getaformorpublication/formbyname/forms_alpha_f.aspx","node/9010"
"/content/getaformorpublication/formbyname/forms_alpha_l.aspx","node/9011"
"/content/getaformorpublication/publicationbysubject/taxtopics/interimguidancestatements.aspx","node/9012"
"/content/getaformorpublication/formbyname/forms_alpha_p.aspx","node/9013"
"/content/getaformorpublication/formbyname/forms_alpha_n.aspx","node/9014"
"/Content/GetAFormOrPublication/PublicationBySubject/TaxTopics/Gambling.aspx","node/9015"
"/content/getaformorpublication/formbyname/forms_alpha_s.aspx","node/9016"
"/content/getaformorpublication/formbyname/forms_alpha_w.aspx","node/9017"
"/content/getaformorpublication/formbyname/forms_alpha_m.aspx","node/9018"
"/content/getaformorpublication/formbyname/forms_alpha_r.aspx","node/9019"
"/content/getaformorpublication/formbyname/forms_alpha_g.aspx","node/9020"
"/content/getaformorpublication/formbyname/forms_alpha_j.aspx","node/9021"
"/content/getaformorpublication/formbyname/forms_alpha_k.aspx","node/9022"
"/Content/FindALawOrRule/Default.aspx","node/9023"
"/content/getaformorpublication/formbyname/forms_alpha_o.aspx","node/9024"
"/Content/FileAndPayTaxes/ReviewsAndAppeals/AuthorizingLaw.aspx","node/9025"
"/Content/AboutUs/StatisticsAndReports/stats_lrs1996.aspx","node/9026"
"/content/ContactUs/default.aspx","node/9027"
"/content/getaformorpublication/formbyname/forms_alpha_q.aspx","node/9028"
"/content/fileandpaytaxes/default.aspx","node/9029"
"/content/getaformorpublication/formbyname/forms_alpha_u.aspx","node/9030"
"/content/ContactUs/e-mail.aspx","node/9031"
"/content/getaformorpublication/formbyname/forms_alpha_xyz.aspx","node/9032"
"/content/contactus/con_TaxRulings.aspx","node/9033"
"/content/contactus/Email/con_PRI_PolicyProcedAdmin.aspx","node/9034"
"/Content/FileAndPayTaxes/FileOrAmendMyReturn/BOInstructions/default.aspx","node/9035"
"/content/contactus/Email/con_PRI_Publications.aspx","node/9036"
"/content/findalaworrule/RuleMaking/Actions.aspx","node/9037"
"/content/errors/ServerError.html?aspxerrorpath=/content/FindTaxesAndRates/PublicUtilityTax/default.aspxhttp:/dor.wa.gov/content/AboutUs/WhatsNew/Archive-Forms.aspx","node/9038"
"/content/contactus/Email/con_PRI_RuleMaking.aspx","node/9039"
"/Content/FindALawOrRule/RuleMaking/Actions2013.aspx","node/9040"
"/content/ContactUs/Mail/default.aspx","node/9041"
"/Content/FindALawOrRule/RuleMaking/Actions2015.aspx","node/9042"
"/Content/FindALawOrRule/RuleMaking/Actions2014.aspx","node/9043"
"/content/contactus/Email/con_PRI_StaffManuals.aspx","node/9044"
"/Content/DoingBusiness/BusinessTypes/Default.aspx","node/9045"
"/Content/FindTaxesAndRates/RetailSalesTax/Indians/IndianTaxGuide/default.aspx","node/9046"
"/Content/DoingBusiness/BusinessTypes/Farmers.aspx","node/9047"
"/content/getaformorpublication/formbyname/forms_alpha_i.aspx","node/9048"
"/content/doingbusiness/default.aspx","node/9049"
"/Content/DoingBusiness/LocalGovtPartMtg.aspx","node/9050"
"/Content/GetAFormOrPublication/PublicationBySubject/TaxTopics/HotelFurnishings.aspx","node/9051"
"/content/doingbusiness/localgovernment.aspx","node/9052"
"/content/getaformorpublication/formbyname/forms_alpha_t.aspx","node/9053"
"/Content/DoingBusiness/LocalRevitalizationFinancing.aspx","node/9054"
"/content/doingbusiness/MyAccount/SellingMyBusiness.aspx","node/9055"
"/Content/FindALawOrRule/RuleMaking/Actions2012.aspx","node/9056"
"/content/DoingBusiness/MyAccount/Default.aspx","node/9057"
"/Content/GetAFormOrPublication/PublicationBySubject/TaxTopics/RYO/RYOQA.aspx","node/9058"
"/Content/DoingBusiness/RegisterMyBusiness/Default.aspx","node/9059"
"/content/doingbusiness/RegisterMyBusiness/newbusiness.aspx","node/9060"
"/Content/DoingBusiness/RegisterMyBusiness/doingBus_vod.aspx","node/9061"
"/Content/FindALawOrRule/ETA/eta-archive.aspx","node/9062"
"/Content/FindTaxesAndRates/BAndOTax/ApportionmentClassifications.aspx","node/9063"
"/Content/FindTaxesAndRates/BAndOTax/Default.aspx","node/9064"
"/Content/FindTaxesAndRates/BAndOTax/EcNexOutside.aspx","node/9065"
"/Content/FindTaxesAndRates/BAndOTax/EcNexWABus.aspx","node/9066"
"/content/findtaxesandrates/default.aspx","node/9067"
"/content/FindTaxesAndRates/IncomeTax/federaldeduction.aspx","node/9068"
"/Content/FindTaxesAndRates/marijuana/Default.aspx","node/9069"
"/content/FindTaxesAndRates/OtherTaxes/Default.aspx","node/9070"
"/Content/FindTaxesAndRates/OtherTaxes/tax_cigarette.aspx","node/9071"
"/content/FindTaxesAndRates/OtherTaxes/tax_convention.aspx","node/9072"
"/content/doingbusiness/PublicWorks.aspx","node/9073"
"/content/findtaxesandrates/OtherTaxes/tax_enhance911.aspx","node/9074"
"/content/findtaxesandrates/OtherTaxes/tax_enhancefish.aspx","node/9075"
"/content/findtaxesandrates/OtherTaxes/tax_estateOnAfter051705.aspx","node/9076"
"/content/findtaxesandrates/othertaxes/tax_estate.aspx","node/9077"
"/content/findtaxesandrates/OtherTaxes/tax_escheat.aspx","node/9078"
"/content/FindTaxesAndRates/OtherTaxes/tax_estateOnAfter010114.aspx","node/9079"
"/Content/FindTaxesAndRates/ForestTax/Default.aspx","node/9080"
"/content/FindTaxesAndRates/OtherTaxes/tax_estatetaxOOS.aspx","node/9081"
"/content/findtaxesandrates/OtherTaxes/tax_aircraft.aspx","node/9082"
"/content/FindTaxesAndRates/OtherTaxes/tax_estatetaxQTIP.aspx","node/9083"
"/Content/FindTaxesAndRates/OtherTaxes/tax_hazard.aspx","node/9084"
"/content/findtaxesandrates/othertaxes/tax_estatetaxQFOBI.aspx","node/9085"
"/content/FindTaxesAndRates/OtherTaxes/tax_hotelmotel.aspx","node/9086"
"/content/findtaxesandrates/OtherTaxes/tax_leasehold.aspx","node/9087"
"/Content/FindTaxesAndRates/OtherTaxes/tax_intcarefac.aspx","node/9088"
"/Content/FindTaxesAndRates/OtherTaxes/tax_naturalgas.aspx","node/9089"
"/content/findtaxesandrates/OtherTaxes/tax_kingcounty.aspx","node/9090"
"/content/findtaxesandrates/othertaxes/tax_litter.aspx","node/9091"
"/Content/FindTaxesAndRates/OtherTaxes/tax_mobilehomepark.aspx","node/9092"
"/content/FindTaxesAndRates/OtherTaxes/tax_motorvehicle.aspx","node/9093"
"/content/findtaxesandrates/OtherTaxes/tax_oilspill.aspx","node/9094"
"/content/FindTaxesAndRates/OtherTaxes/tax_rentalcar.aspx","node/9095"
"/Content/FindTaxesAndRates/OtherTaxes/tax_refuse.aspx","node/9096"
"/content/findtaxesandrates/othertaxes/tax_farmestatetaxfaq.aspx","node/9097"
"/content/findtaxesandrates/othertaxes/tax_solidfuel.aspx","node/9098"
"/Content/FindTaxesAndRates/OtherTaxes/tax_spiritsales.aspx","node/9099"
"/Content/FindTaxesAndRates/OtherTaxes/tax_spiritliter.aspx","node/9100"
"/content/findtaxesandrates/othertaxes/tax_tirefees.aspx","node/9101"
"/content/FindTaxesAndRates/OtherTaxes/tax_syrup.aspx","node/9102"
"/content/findtaxesandrates/othertaxes/tax_watercraft.aspx","node/9103"
"/Content/FindTaxesAndRates/OtherTaxes/tax_petroprod.aspx","node/9104"
"/Content/FindTaxesAndRates/OtherTaxes/tax_pubutil.aspx","node/9105"
"/Content/FindTaxesAndRates/OtherTaxes/Timber/default.aspx","node/9106"
"/Content/FindTaxesAndRates/RetailSalesTax/Default.aspx","node/9107"
"/Content/FindTaxesAndRates/RetailSalesTax/DestinationBased/DepartmentStreamLineFAQ.aspx","node/9108"
"/content/FindTaxesAndRates/RetailSalesTax/DestinationBased/default.aspx","node/9109"
"/Content/FindTaxesAndRates/RetailSalesTax/DestinationBased/MoreSST.aspx","node/9110"
"/Content/FindTaxesAndRates/RetailSalesTax/Indians/CA2011.aspx","node/9111"
"/Content/FindTaxesAndRates/SalesAndUseTaxRates/LocalSales_Use.aspx","node/9112"
"/content/FindTaxesAndRates/TaxIncentives/Default.aspx","node/9113"
"/Content/GetAFormOrPublication/PublicationBySubject/TaxTopics/MedicalMarijuana.aspx","node/9114"
"/Content/GetAFormOrPublication/PublicationBySubject/TaxTopics/ESHB1287.aspx","node/9115"
"/content/getaformorpublication/publicationbysubject/taxtopics/petadoption.aspx","node/9116"
"/Content/GetAFormOrPublication/PublicationBySubject/TaxTopics/PropertyTax/Floodrelief.aspx","node/9117"
"/content/findtaxesandrates/OtherTaxes/tax_realestate.aspx","node/9118"
"/Content/FindTaxesAndRates/BAndOTax/EconomicNexus.aspx","node/9119"
"/content/DoingBusiness/BusinessTypes/BusinessTypesFAQ.aspx","node/9120"
"/content/FindTaxesAndRates/OtherTaxes/Timber/forst_LogExportRegulations.aspx","node/9121"
"/content/findtaxesandrates/othertaxes/tax_tobacco.aspx","node/9122"
"/content/FindTaxesAndRates/OtherTaxes/tax_regtransit.aspx","node/9123"
"/content/FindTaxesAndRates/OtherTaxes/tax_transrental.aspx","node/9124"
"/content/FileAndPayTaxes/ApplyForATaxRefund/Default.aspx","node/9125"
"/content/fileandpaytaxes/BeforeIFile/Default.aspx","node/9126"
"/Content/FileAndPayTaxes/ReviewsAndAppeals/Basics.aspx","node/9127"
"/Content/FileAndPayTaxes/ReviewsAndAppeals/Decisions.aspx","node/9128"
"/content/FileAndPayTaxes/FilingFrequenciesAndDueDates/Default.aspx","node/9129"
"/Content/FileAndPayTaxes/ReviewsAndAppeals/Default.aspx","node/9130"
"/Content/FileAndPayTaxes/ReviewsAndAppeals/Directions.aspx","node/9131"
"/Content/FileAndPayTaxes/ReviewsAndAppeals/ExecutiveLevelAppeals.aspx","node/9132"
"/Content/FileAndPayTaxes/ReviewsAndAppeals/Extensions.aspx","node/9133"
"/Content/FileAndPayTaxes/ReviewsAndAppeals/LetterRuling.aspx","node/9134"
"/Content/FileAndPayTaxes/ReviewsAndAppeals/Hearings.aspx","node/9135"
"/Content/FileAndPayTaxes/ReviewsAndAppeals/HowtoFileAppeal.aspx","node/9136"
"/Content/FileAndPayTaxes/ReviewsAndAppeals/Nonacquiescence.aspx","node/9137"
"/Content/FileAndPayTaxes/reviewsAndAppeals/FurtherRights.aspx","node/9138"
"/Content/FileAndPayTaxes/ReviewsAndAppeals/Publication.aspx","node/9139"
"/Content/FileAndPayTaxes/ReviewsAndAppeals/RevocationsLogExports.aspx","node/9140"
"/Content/FileAndPayTaxes/ReviewsAndAppeals/Settlements.aspx","node/9141"
"/Content/FileAndPayTaxes/ReviewsAndAppeals/Reconsideration.aspx","node/9142"
"/Content/FileAndPayTaxes/ReviewsAndAppeals/SmallClaims.aspx","node/9143"
"/Content/FileAndPayTaxes/ReviewsAndAppeals/Statistics.aspx","node/9144"
"/Content/FindALawOrRule/WTD/WTDs_01_2010.aspx","node/9145"
"/Content/FileAndPayTaxes/ReviewsAndAppeals/UCPProperty.aspx","node/9146"
"/Content/FileAndPayTaxes/ReviewsAndAppeals/OtherAPA.aspx","node/9147"
"/Content/FindALawOrRule/WTD/WTDs_01_2013.aspx","node/9148"
"/Content/FileAndPayTaxes/ReviewsAndAppeals/RevocationResellerPermit.aspx","node/9149"
"/Content/FindALawOrRule/WTD/WTDs_01_2016.aspx","node/9150"
"/Content/FindALawOrRule/WTD/WTDs_02_2013.aspx","node/9151"
"/Content/FindALawOrRule/WTD/WTDs_02_2014.aspx","node/9152"
"/Content/FileAndPayTaxes/ReviewsAndAppeals/SettlementTrack.aspx","node/9153"
"/Content/FindALawOrRule/WTD/WTDs_02_2015.aspx","node/9154"
"/Content/FindALawOrRule/WTD/WTDs_02_28_2014.aspx","node/9155"
"/Content/FindALawOrRule/WTD/WTDs_02a_2015.aspx","node/9156"
"/Content/FindALawOrRule/WTD/WTDs_02_2016.aspx","node/9157"
"/content/FileAndPayTaxes/ReviewsAndAppeals/Survey.aspx","node/9158"
"/Content/FindALawOrRule/WTD/WTDs_03_2011.aspx","node/9159"
"/Content/FindALawOrRule/WTD/WTDs_03_2010.aspx","node/9160"
"/Content/AboutUs/StatisticsAndReports/WAtaxstudy/Report_Highlights.htm","node/9161"
"/Content/FindALawOrRule/WTD/WTDs_03_2016.aspx","node/9162"
"/Content/AboutUs/StatisticsAndReports/WAtaxstudy/Statutory_Authority.htm","node/9163"
"/Content/FindALawOrRule/WTD/WTDs_04_2010.aspx","node/9164"
"/Content/AboutUs/StatisticsAndReports/WAtaxstudy/Final_Report.htm","node/9165"
"/Content/AboutUs/StatisticsAndReports/WAtaxstudy/wataxstudy.htm","node/9166"
"/Content/FindALawOrRule/WTD/WTDs_03_2014.aspx","node/9167"
"/Content/AboutUs/StatisticsAndReports/WAtaxstudy/Study_History.htm","node/9168"
"/Content/FindALawOrRule/WTD/WTDs_03_2015.aspx","node/9169"
"/Content/AboutUs/StatisticsAndReports/WAtaxstudy/Advisory_Group.htm","node/9170"
"/Content/FindALawOrRule/WTD/WTDs_04_2013.aspx","node/9171"
"/Content/GetAFormOrPublication/PublicationBySubject/TaxTopics/MandatoryE-file.aspx","node/9172"
"/Content/AboutUs/StatisticsAndReports/WAtaxstudy/Agenda.htm","node/9173"
"/Content/FindALawOrRule/WTD/WTDs_04_2014.aspx","node/9174"
"/Content/FindTaxesAndRates/RetailSalesTax/DestinationBased/OnlineSellers.aspx","node/9175"
"/Content/FileAndPayTaxes/ReviewsAndAppeals/RevocationsBusinessCertificate.aspx","node/9176"
"/Content/FindTaxesAndRates/RetailSalesTax/DestinationBased/SSTDestination.aspx","node/9177"
"/Content/FindALawOrRule/WTD/WTDs_04_2015.aspx","node/9178"
"/Content/FindTaxesAndRates/RetailSalesTax/ResellerPermit/Default.aspx","node/9179"
"/Content/GetAFormOrPublication/PublicationBySubject/TaxTopics/HuntingFishingGuides.aspx","node/9180"
"/Content/FindALawOrRule/WTD/WTDs_05_2015.aspx","node/9181"
"/content/GetAFormOrPublication/FormBySubject/excise/default.aspx","node/9182"
"/Content/FindALawOrRule/WTD/WTDs_04_2016.aspx","node/9183"
"/Content/GetAFormOrPublication/PublicationBySubject/TaxTopics/DisasterRelief.aspx","node/9184"
"/Content/FindTaxesAndRates/SalesAndUseTaxRates/LookupaTaxrate/MobileAndroidApp.aspx","node/9185"
"/Content/FindALawOrRule/WTD/WTDs_05_2014.aspx","node/9186"
"/Content/GetAFormOrPublication/PublicationBySubject/TaxTopics/Crowdfunding.aspx","node/9187"
"/Content/AboutUs/StatisticsAndReports/WAtaxstudy/resource_Library.htm","node/9188"
"/Content/FindALawOrRule/WTD/WTDs_05_2016.aspx","node/9189"
"/Content/GetAFormOrPublication/PublicationBySubject/TaxTopics/RYO/default.aspx","node/9190"
"/Content/GetAFormOrPublication/PublicationBySubject/TaxTopics/SellersPermit.aspx","node/9191"
"/Content/FindALawOrRule/WTD/WTDs_06_2012.aspx","node/9192"
"/content/getaformorpublication/publicationbysubject/taxtopics/spiritssales/default.aspx","node/9193"
"/Content/FindALawOrRule/WTD/WTDs_05_2012.aspx","node/9194"
"/content/getaformorpublication/publicationbysubject/taxtopics/digitalproducts.aspx","node/9195"
"/content/aboutus/careers/car_CareerPaths.aspx","node/9196"
"/Content/FindALawOrRule/WTD/WTDs_06_2013.aspx","node/9197"
"/Content/AboutUs/default.aspx","node/9198"
"/content/AboutUs/MyDOR.aspx","node/9199"
"/Content/FindALawOrRule/WTD/WTDs_06_2014.aspx","node/9200"
"/Content/DoingBusiness/Audits/doingBus_AuditCollectionProc.aspx","node/9201"
"/content/doingbusiness/AccessLocalSalesTaxInfo.aspx","node/9202"
"/Content/FindALawOrRule/WTD/WTDs_06_2016.aspx","node/9203"
"/content/DoingBusiness/Audits/Default.aspx","node/9204"
"/Content/AboutUs/StatisticsAndReports/2015/Property_Tax_Statistics_2015/default.aspx","node/9205"
"/Content/FindALawOrRule/WTD/WTDs_07_2016.aspx","node/9206"
"/Content/AboutUs/StatisticsAndReports/2014/Property_Tax_Statistics_2014/default.aspx","node/9207"
"/Content/FindALawOrRule/WTD/WTDs_06_2015.aspx","node/9208"
"/Content/AboutUs/StatisticsAndReports/2016/Property_Tax_Statistics_2016/default.aspx","node/9209"
"/Content/AboutUs/StatisticsAndReports/Default.aspx","node/9210"
"/Content/FindALawOrRule/WTD/WTDs_07_2013.aspx","node/9211"
"/Content/FindALawOrRule/WTD/WTDs_08_2010.aspx","node/9212"
"/Content/FindALawOrRule/WTD/WTDs_07_2014.aspx","node/9213"
"/Content/FindALawOrRule/WTD/WTDs_07_2015.aspx","node/9214"
"/Content/FindALawOrRule/WTD/WTDs_08_2012.aspx","node/9215"
"/Content/FindALawOrRule/WTD/WTDs_08_2014.aspx","node/9216"
"/Content/FindALawOrRule/WTD/WTDs_09_2010.aspx","node/9217"
"/Content/FindALawOrRule/WTD/WTDs_08_2015.aspx","node/9218"
"/Content/FindALawOrRule/WTD/WTDs_08_2016.aspx","node/9219"
"/Content/FindALawOrRule/WTD/WTDs_09_2012.aspx","node/9220"
"/Content/FindALawOrRule/WTD/WTDs_09_2013.aspx","node/9221"
"/Content/FindALawOrRule/WTD/WTDs_09_2014.aspx","node/9222"
"/Content/FindALawOrRule/WTD/WTDs_09_2016.aspx","node/9223"
"/Content/FindALawOrRule/WTD/WTDs_10_2011.aspx","node/9224"
"/Content/FindALawOrRule/WTD/WTDs_10_2014.aspx","node/9225"
"/Content/FindALawOrRule/WTD/WTDs_10_2013.aspx","node/9226"
"/Content/FindALawOrRule/WTD/WTDs_10_2016.aspx","node/9227"
"/Content/FindALawOrRule/WTD/WTDs_10_2015.aspx","node/9228"
"/Content/FindALawOrRule/WTD/WTDs_11_2012.aspx","node/9229"
"/Content/FindALawOrRule/WTD/WTDs_10a_2013.aspx","node/9230"
"/Content/FindALawOrRule/WTD/WTDs_11_2011.aspx","node/9231"
"/Content/FindALawOrRule/WTD/WTDs_11_2015.aspx","node/9232"
"/Content/FindALawOrRule/WTD/WTDs_12_2010.aspx","node/9233"
"/Content/FindALawOrRule/WTD/WTDs_12_2011.aspx","node/9234"
"/Content/FindALawOrRule/WTD/WTDs_12_2013.aspx","node/9235"
"/Content/FindALawOrRule/WTD/WTDs_12_2015.aspx","node/9236"
"/Content/FindALawOrRule/WTD/WTDs_12a_2013.aspx","node/9237"
"/content/FindTaxesAndRates/PublicUtilityTax/","node/9238"
"/Content/FindTaxesAndRates/PropertyTax/prop_AccreditedAppraiserInfo.aspx","node/9239"
"/content/FindTaxesAndRates/PublicUtilityTax/tax_motorurban.aspx","node/9240"
"/Content/FindTaxesAndRates/RetailSalesTax/DestinationBased/SSTMitigation.aspx","node/9241"
"/Content/FindTaxesAndRates/RetailSalesTax/ConsumerConfidentiality.aspx","node/9242"
"/Content/FindTaxesAndRates/RetailSalesTax/DestinationBased/StreamlinedSourcingRules.aspx","node/9243"
"/Content/FindTaxesAndRates/RetailSalesTax/Indians/default.aspx","node/9244"
"/Content/FindTaxesAndRates/RetailSalesTax/SSTBusiness.aspx","node/9245"
"/content/findtaxesandrates/salesandusetaxrates/default.aspx","node/9246"
"/content/FindTaxesAndRates/UseTax/Default.aspx","node/9247"
"/Content/FindTaxesAndRates/SalesAndUseTaxRates/LookupaTaxrate/MobileiOSApp.aspx","node/9248"
"/content/WorkshopsAndEducation/Request/default.aspx","node/9249"
"/Content/FindALawOrRule/WTD/WTDs_12_2014.aspx","node/9250"
"/Content/FindALawOrRule/WTD/WTDs_12_2016.aspx","node/9251"
"/content/WorkshopsAndEducation/SpeakerInvitation/default.aspx","node/9252"
"/content/aboutus/statisticsandreports/WAtaxstudy/Gates%20Q_A.htm","node/9253"
"/Content/GetAFormOrPublication/PublicationBySubject/TaxTopics/Surcharges.aspx","node/9254"
"/content/findtaxesandrates/OtherTaxes/Timber/HarvesterAssistanceMap.aspx","node/9255"
"/content/contactus/con_taxadv.aspx","node/9256"
"/Content/WorkshopsAndEducation/Default.aspx","node/9257"
"/content/WorkshopsAndEducation/VideoWorkshopsAndTutorials/PlanAndPay/Default.aspx","node/9258"
"/content/workshopsandeducation/VideoWorkshopsAndTutorials/Default.aspx","node/9259"
"/Content/WorkshopsAndEducation/AttendAWorkshop/Default.aspx","node/9260"
"/content/WorkshopsAndEducation/Request/doingBus_TaxConsultSvc.aspx","node/9261"
"/content/getaformorpublication/publicationbysubject/taxtopics/ReportSaleofBusiness.aspx","node/9262"
"/Content/QuestionsAndAnswers/Default.aspx","node/9263"
"/content/QuestionsAndAnswers/default.aspx?cNode=4I6E4N&pNodes=3W5B4K:6L6I3Y:0W1L2S","node/9264"
"/content/QuestionsAndAnswers/default.aspx?cNode=5K7T7O&pNodes=5S1M0V","node/9265"
"/content/QuestionsAndAnswers/default.aspx?cNode=1I0X6K&pNodes=4F3W6R:5S1M0V","node/9266"
"/content/QuestionsAndAnswers/default.aspx?cNode=4S1J1S&pNodes=0S5I2O:5S1M0V","node/9267"
"/content/QuestionsAndAnswers/default.aspx?cNode=8W5B2Q&pNodes=5S1M0V","node/9268"
"/Content/QuestionsAndAnswers/default.aspx?cNode=2H8P0J&pNodes=3W5B4K:6L6I3Y:0W1L2S","node/9269"
"/content/QuestionsAndAnswers/default.aspx?cNode=0Y8L5E&pNodes=4F3W6R:5S1M0V","node/9270"
"/content/QuestionsAndAnswers/article.aspx?id=10230&cNode=1I0X6K","node/9271"
"/Content/Home/TLSR/default.aspx","node/9272"
"/Content/Home/externallinks/default.aspx","node/9273"
"/Content/GetAFormOrPublication/PublicationBySubject/TaxTopics/VendingMachines.aspx","node/9274"
"/content/questionsandanswers/article.aspx?id=10049","node/9275"
"/Content/GetAFormOrPublication/PublicationBySubject/TaxTopics/ValetServices.aspx","node/9276"
"/Content/GetAFormOrPublication/TaxFacts/default.aspx","node/9277"
"/Content/GetAFormOrPublication/PublicationBySubject/TaxTopics/VirtualCurrency.aspx","node/9278"
"/Content/GetAFormOrPublication/PublicationBySubject/TaxTopics/TaxIncluded.aspx","node/9279"
"/content/getaformorpublication/publicationbysubject/taxtopics/tribes.aspx","node/9280"
"/Content/GetAFormOrPublication/PublicationBySubject/TaxTopics/UseTaxOOSVehicles.aspx","node/9281"
"/Content/GetAFormOrPublication/PublicationBySubject/TaxTopics/UseTax.aspx","node/9282"
"/Content/GetAFormOrPublication/PublicationBySubject/TaxTopics/TerminationFees.aspx","node/9283"
"/Content/GetAFormOrPublication/PublicationBySubject/TaxTopics/TangiblePersProp.aspx","node/9284"
"/content/QuestionsAndAnswers/","node/9285"
"/Content/GetAFormOrPublication/PublicationBySubject/TaxTopics/SyrupTax.aspx","node/9286"
"/Content/GetAFormOrPublication/PublicationBySubject/TaxTopics/RSTonInvoice.aspx","node/9287"
"/Content/GetAFormOrPublication/PublicationBySubject/TaxTopics/SeniorMeals.aspx","node/9288"
"/Content/GetAFormOrPublication/PublicationBySubject/TaxTopics/SvcContractsWarranties.aspx","node/9289"
"/content/getaformorpublication/PublicationBySubject/TaxTopics/RewardsProgramAwards.aspx","node/9290"
"/Content/GetAFormOrPublication/PublicationBySubject/TaxTopics/rewards.aspx","node/9291"
"/Content/GetAFormOrPublication/PublicationBySubject/TaxTopics/Timeshares.aspx","node/9292"
"/Content/GetAFormOrPublication/PublicationBySubject/TaxTopics/RestockingFee.aspx","node/9293"
"/Content/GetAFormOrPublication/PublicationBySubject/TaxTopics/RegularDeliveries.aspx","node/9294"
"/Content/GetAFormOrPublication/PublicationBySubject/TaxTopics/RelatedParties.aspx","node/9295"
"/Content/GetAFormOrPublication/PublicationBySubject/TaxTopics/Reimbursements.aspx","node/9296"
"/Content/GetAFormOrPublication/PublicationBySubject/TaxTopics/RealEstateSignSvc.aspx","node/9297"
"/Content/GetAFormOrPublication/PublicationBySubject/TaxTopics/RecreationalMatrix.aspx","node/9298"
"/Content/GetAFormOrPublication/PublicationBySubject/TaxTopics/RealEstate.aspx","node/9299"
"/Content/GetAFormOrPublication/PublicationBySubject/TaxTopics/PropertyTax/PropTaxLegislation.aspx","node/9300"
"/Content/GetAFormOrPublication/PublicationBySubject/TaxTopics/SellYourBusiness.aspx","node/9301"
"/Content/GetAFormOrPublication/PublicationBySubject/TaxTopics/PropertyTax/DisasterRelief.aspx","node/9302"
"/Content/GetAFormOrPublication/PublicationBySubject/TaxTopics/RacingEvents.aspx","node/9303"
"/Content/GetAFormOrPublication/PublicationBySubject/TaxTopics/PropertyTax/OnePercentQnA.aspx","node/9304"
"/Content/GetAFormOrPublication/PublicationBySubject/TaxTopics/PropertyTax/BankedCapacityQnA.aspx","node/9305"
"/Content/GetAFormOrPublication/PublicationBySubject/TaxTopics/PortableToliet.aspx","node/9306"
"/Content/GetAFormOrPublication/PublicationBySubject/TaxTopics/PrepaidWirelessSourcing.aspx","node/9307"
"/Content/GetAFormOrPublication/PublicationBySubject/TaxTopics/PortableSelfStorage.aspx","node/9308"
"/Content/GetAFormOrPublication/PublicationBySubject/TaxTopics/PayByPhone.aspx","node/9309"
"/Content/GetAFormOrPublication/PublicationBySubject/TaxTopics/PavingCuts.aspx","node/9310"
"/Content/GetAFormOrPublication/PublicationBySubject/TaxTopics/PatentIncome.aspx","node/9311"
"/Content/GetAFormOrPublication/PublicationBySubject/TaxTopics/ParkingFees.aspx","node/9312"
"/Content/GetAFormOrPublication/PublicationBySubject/TaxTopics/PaperBagFees.aspx","node/9313"
"/Content/GetAFormOrPublication/PublicationBySubject/TaxTopics/PackageReceiving.aspx","node/9314"
"/Content/GetAFormOrPublication/PublicationBySubject/TaxTopics/OutOfStateVehicles.aspx","node/9315"
"/Content/GetAFormOrPublication/PublicationBySubject/TaxTopics/OpportunityDance.aspx","node/9316"
"/Content/GetAFormOrPublication/PublicationBySubject/TaxTopics/NonprofitYouthOrg.aspx","node/9317"
"/Content/GetAFormOrPublication/PublicationBySubject/TaxTopics/MedicalEquipment.aspx","node/9318"
"/Content/GetAFormOrPublication/PublicationBySubject/TaxTopics/MarinaFuelSales.aspx","node/9319"
"/Content/GetAFormOrPublication/PublicationBySubject/TaxTopics/MandatoryE-fileQnA.aspx","node/9320"
"/Content/GetAFormOrPublication/PublicationBySubject/TaxTopics/LegalSettlements.aspx","node/9321"
"/Content/GetAFormOrPublication/PublicationBySubject/TaxTopics/Manufacturing.aspx","node/9322"
"/Content/GetAFormOrPublication/PublicationBySubject/TaxTopics/LitterTax.aspx","node/9323"
"/Content/GetAFormOrPublication/PublicationBySubject/TaxTopics/Lobbyists.aspx","node/9324"
"/Content/GetAFormOrPublication/PublicationBySubject/TaxTopics/LeasePropTax.aspx","node/9325"
"/Content/GetAFormOrPublication/PublicationBySubject/TaxTopics/LeasedNonTransportAircraft.aspx","node/9326"
"/content/getaformorpublication/publicationbysubject/taxtopics/nexusstandards.aspx","node/9327"
"/Content/GetAFormOrPublication/PublicationBySubject/TaxTopics/JobCorps.aspx","node/9328"
"/Content/GetAFormOrPublication/PublicationBySubject/TaxTopics/JanitorialServices.aspx","node/9329"
"/Content/GetAFormOrPublication/PublicationBySubject/TaxTopics/ItemizeBOTax.aspx","node/9330"
"/Content/GetAFormOrPublication/PublicationBySubject/TaxTopics/ICTCalls.aspx","node/9331"
"/Content/GetAFormOrPublication/PublicationBySubject/TaxTopics/HearingAidBatteries.aspx","node/9332"
"/Content/GetAFormOrPublication/PublicationBySubject/TaxTopics/Gratuities.aspx","node/9333"
"/Content/GetAFormOrPublication/PublicationBySubject/TaxTopics/GrantIncome.aspx","node/9334"
"/Content/GetAFormOrPublication/PublicationBySubject/TaxTopics/ForeclosureCleanup.aspx","node/9335"
"/Content/GetAFormOrPublication/PublicationBySubject/TaxTopics/HomeWarranties.aspx","node/9336"
"/Content/GetAFormOrPublication/PublicationBySubject/TaxTopics/LocalTaxIncrease.aspx","node/9337"
"/Content/GetAFormOrPublication/PublicationBySubject/TaxTopics/FoodStampsCoupons.aspx","node/9338"
"/Content/GetAFormOrPublication/PublicationBySubject/TaxTopics/emergencia.aspx","node/9339"
"/Content/GetAFormOrPublication/PublicationBySubject/TaxTopics/DealerCash.aspx","node/9340"
"/Content/GetAFormOrPublication/PublicationBySubject/TaxTopics/CustomsBroker.aspx","node/9341"
"/content/GetAFormOrPublication/PublicationBySubject/TaxTopics/ClickThruNexus.aspx","node/9342"
"/Content/GetAFormOrPublication/PublicationBySubject/TaxTopics/CoinsandCurrency.aspx","node/9343"
"/Content/GetAFormOrPublication/PublicationBySubject/TaxTopics/CityBandO.aspx","node/9344"
"/Content/GetAFormOrPublication/PublicationBySubject/TaxTopics/CentralMoneyMgmt.aspx","node/9345"
"/Content/GetAFormOrPublication/PublicationBySubject/TaxTopics/CharitableActivities.aspx","node/9346"
"/Content/GetAFormOrPublication/PublicationBySubject/TaxTopics/Caterers.aspx","node/9347"
"/Content/GetAFormOrPublication/PublicationBySubject/TaxTopics/GiftCertLayaway.aspx","node/9348"
"/Content/GetAFormOrPublication/PublicationBySubject/TaxTopics/CasualSales.aspx","node/9349"
"/Content/GetAFormOrPublication/PublicationBySubject/TaxTopics/BusinessAssets.aspx","node/9350"
"/Content/GetAFormOrPublication/PublicationBySubject/TaxTopics/Bartering.aspx","node/9351"
"/Content/GetAFormOrPublication/PublicationBySubject/TaxTopics/AthleticFitnessFacilities.aspx","node/9352"
"/Content/GetAFormOrPublication/PublicationBySubject/TaxTopics/FireDistricts.aspx","node/9353"
"/Content/GetAFormOrPublication/PublicationBySubject/TaxTopics/EstateSales.aspx","node/9354"
"/Content/GetAFormOrPublication/FormBySubject/forms_tribal.aspx","node/9355"
"/content/getaformorpublication/formbysubject/forms_UCP.aspx","node/9356"
"/content/GetAFormOrPublication/FormBySubject/forms_RentCarAdd.aspx","node/9357"
"/content/GetAFormOrPublication/FormBySubject/forms_reet.aspx","node/9358"
"/content/GetAFormOrPublication/FormBySubject/forms_puar.aspx","node/9359"
"/Content/GetAFormOrPublication/FormBySubject/forms_PUTAdd.aspx","node/9360"
"/content/getaformorpublication/formbysubject/forms_ratechrt.aspx","node/9361"
"/content/getaformorpublication/formbysubject/forms_misc.aspx","node/9362"
"/content/GetAFormOrPublication/FormBySubject/forms_oilsp.aspx","node/9363"
"/content/getaformorpublication/formbysubject/forms_natgas.aspx","node/9364"
"/Content/GetAFormOrPublication/FormBySubject/forms_LSUAlpha.aspx","node/9365"
"/content/getaformorpublication/formbysubject/forms_FishTaxAdd.aspx","node/9366"
"/content/getaformorpublication/formbysubject/forms_LodgingFlyer.aspx","node/9367"
"/content/getaformorpublication/formbysubject/forms_lsucardealers.aspx","node/9368"
"/Content/GetAFormOrPublication/FormBySubject/forms_LSUExcel.aspx","node/9369"
"/Content/GetAFormOrPublication/FormBySubject/forms_ExcelWksht.aspx","node/9370"
"/Content/GetAFormOrPublication/FormBySubject/forms_QuickBooks.aspx","node/9371"
"/content/getaformorpublication/formbysubject/forms_cred.aspx","node/9372"
"/content/getaformorpublication/formbysubject/forms_defer.aspx","node/9373"
"/content/getaformorpublication/FormBySubject/excise/forms_excise_BOAct.aspx","node/9374"
"/content/GetAFormOrPublication/FormBySubject/excise/forms_excise_Multi.aspx","node/9375"
"/Content/FindTaxesAndRates/ZIPFldDescripShort.aspx","node/9376"
"/Content/FindTaxesAndRates/ZIPFldDescripLong.aspx","node/9377"
"/content/FindTaxesAndRates/tiengviet/","node/9378"
"/content/getaformorpublication/formbysubject/forms_exempt.aspx","node/9379"
"/content/FindTaxesAndRates/tagalog/","node/9380"
"/Content/FindTaxesAndRates/TaxIncentives/Def_Deductions.aspx","node/9381"
"/Content/GetAFormOrPublication/FormBySubject/forms_apps.aspx","node/9382"
"/content/FindTaxesAndRates/stshpdownloads.aspx","node/9383"
"/Content/GetAFormOrPublication/FormBySubject/forms_BNGAdd.aspx","node/9384"
"/content/FindTaxesAndRates/SalesAndUseTaxRates/stdownloads.aspx","node/9385"
"/Content/FindTaxesAndRates/SalesAndUseTaxRates/LookupaTaxrate/MobileTaxRateLookup.aspx","node/9386"
"/Content/FindTaxesAndRates/SalesAndUseTaxRates/GISdisclaimer.aspx","node/9387"
"/content/getaformorpublication/formbyname/forms_alpha_h.aspx","node/9388"
"/content/findtaxesandrates/SalesAndUseTaxRates/Annexations_16_Q3.aspx","node/9389"
"/content/findtaxesandrates/salesandusetaxrates/lookupataxrate/default.aspx","node/9390"
"/content/FindTaxesAndRates/wiredownload.aspx","node/9391"
"/content/findtaxesandrates/SalesAndUseTaxRates/Annexations_16_Q4.aspx","node/9392"
"/content/findtaxesandrates/SalesAndUseTaxRates/Annexations_16_Q2.aspx","node/9393"
"/content/findtaxesandrates/SalesAndUseTaxRates/Annexations_15_Q4.aspx","node/9394"
"/content/findtaxesandrates/SalesAndUseTaxRates/Annexations_16_Q1.aspx","node/9395"
"/content/findtaxesandrates/SalesAndUseTaxRates/Annexations_15_Q1.aspx","node/9396"
"/content/findtaxesandrates/SalesAndUseTaxRates/Annexations_15_Q2.aspx","node/9397"
"/content/findtaxesandrates/SalesAndUseTaxRates/Annexations_15_Q3.aspx","node/9398"
"/content/findtaxesandrates/SalesAndUseTaxRates/Annexations_14_Q4.aspx","node/9399"
"/content/findtaxesandrates/SalesAndUseTaxRates/Annexations_14_Q3.aspx","node/9400"
"/content/findtaxesandrates/SalesAndUseTaxRates/Annexations_17_Q1.aspx","node/9401"
"/content/findtaxesandrates/SalesAndUseTaxRates/Annexations_14_Q1.aspx","node/9402"
"/content/findtaxesandrates/SalesAndUseTaxRates/Annexations_14_Q2.aspx","node/9403"
"/Content/FindTaxesAndRates/SalesAndUseTaxRates/Annexations_13_Q2.aspx","node/9404"
"/Content/FindTaxesAndRates/SalesAndUseTaxRates/Annexations_13_Q4.aspx","node/9405"
"/Content/FindTaxesAndRates/SalesAndUseTaxRates/Annexations_13_Q1.aspx","node/9406"
"/Content/FindTaxesAndRates/SalesAndUseTaxRates/Annexations_12_Q2.aspx","node/9407"
"/Content/FindTaxesAndRates/SalesAndUseTaxRates/Annexations_12_Q4.aspx","node/9408"
"/Content/FindTaxesAndRates/SalesAndUseTaxRates/Annexations_12_Q1.aspx","node/9409"
"/Content/FindTaxesAndRates/SalesAndUseTaxRates/Annexations_11_Q3.aspx","node/9410"
"/Content/FindTaxesAndRates/SalesAndUseTaxRates/Annexations_11_Q4.aspx","node/9411"
"/Content/FindTaxesAndRates/SalesAndUseTaxRates/Annexations_11_Q2.aspx","node/9412"
"/Content/FindTaxesAndRates/SalesAndUseTaxRates/Annexations_11_Q1.aspx","node/9413"
"/Content/FindTaxesAndRates/ru/","node/9414"
"/Content/FindTaxesAndRates/RetailSalesTax/RetailServices.aspx","node/9415"
"/Content/FindTaxesAndRates/SalesAndUseTaxRates/Annexations_13_Q3.aspx","node/9416"
"/Content/FindTaxesAndRates/RetailSalesTax/ResellerPermit/Sellers.aspx","node/9417"
"/Content/FindTaxesAndRates/RetailSalesTax/ResellerPermit/TaxableAmount.aspx","node/9418"
"/Content/FindTaxesAndRates/RetailSalesTax/DestinationBased/SampleTabDelimitedFile.txt","node/9419"
"/Content/FindTaxesAndRates/RetailSalesTax/DestinationBased/SampleCommaDelimitedFile.txt","node/9420"
"/Content/FindTaxesAndRates/RetailSalesTax/ResellerPermit/Farmers.aspx","node/9421"
"/Content/FindTaxesAndRates/RetailSalesTax/ResellerPermit/ApprvdExemptCertifs.aspx","node/9422"
"/Content/FindTaxesAndRates/RetailSalesTax/ResellerPermit/Definitions.aspx","node/9423"
"/Content/FindTaxesAndRates/SalesAndUseTaxRates/Annexations_12_Q3.aspx","node/9424"
"/content/findtaxesandrates/retailsalestax/nonresidents/default.aspx","node/9425"
"/Content/FindTaxesAndRates/RetailSalesTax/DestinationBased/Tools.aspx","node/9426"
"/Content/FindTaxesAndRates/RetailSalesTax/DestinationBased/SalesTaxLibrary.aspx","node/9427"
"/Content/FindTaxesAndRates/RetailSalesTax/DestinationBased/Quickbooks.aspx","node/9428"
"/Content/FindTaxesAndRates/RetailSalesTax/DestinationBased/MitigationMeetings.aspx","node/9429"
"/Content/FindTaxesAndRates/RetailSalesTax/DestinationBased/LatLongInterface.aspx","node/9430"
"/Content/FindTaxesAndRates/RetailSalesTax/DestinationBased/DirectMailers.aspx","node/9431"
"/Content/FindTaxesAndRates/RetailSalesTax/DestinationBased/Conversion.aspx","node/9432"
"/Content/FindTaxesAndRates/RetailSalesTax/DestinationBased/CertifiedServiceProvider.aspx","node/9433"
"/content/FindTaxesAndRates/publicutilitytax/conversion.aspx","node/9434"
"/Content/FindTaxesAndRates/RetailSalesTax/Consumers.aspx","node/9435"
"/content/FindTaxesAndRates/PropertyTax/prop_RnLs.aspx","node/9436"
"/content/findtaxesandrates/propertytax/prop_pubut.aspx","node/9437"
"/content/FindTaxesAndRates/PropertyTax/prop_pubcatag.aspx","node/9438"
"/content/findtaxesandrates/propertytax/prop_psnlpropvalsched.aspx","node/9439"
"/Content/FindTaxesAndRates/PropertyTax/prop_PropertyValue.aspx","node/9440"
"/content/findtaxesandrates/PropertyTax/prop_propTxRev.aspx","node/9441"
"/Content/FindTaxesAndRates/PropertyTax/prop_PayOrAppeal.aspx","node/9442"
"/Content/FindTaxesAndRates/PropertyTax/prop_BusPropertyValue.aspx","node/9443"
"/Content/FindTaxesAndRates/PropertyTax/prop_LawsAndRules.aspx","node/9444"
"/Content/FindTaxesAndRates/RetailSalesTax/DestinationBased/ClientInterface.aspx","node/9445"
"/content/findtaxesandrates/PropertyTax/prop_IndValTab.aspx","node/9446"
"/content/findtaxesandrates/propertytax/lookupataxrate/","node/9447"
"/Content/FindTaxesAndRates/PropertyTax/prop_AccreditationQandA.aspx","node/9448"
"/Content/FindTaxesAndRates/PropertyTax/ptDownloads.aspx","node/9449"
"/Content/FindTaxesAndRates/PropertyTax/LiveBookmarks.aspx","node/9450"
"/Content/FindTaxesAndRates/PropertyTax/Links.aspx","node/9451"
"/Content/FindTaxesAndRates/PropertyTax/IncentivePrograms.aspx","node/9452"
"/Content/FindTaxesAndRates/PropertyTax/AppraiserSearch.aspx","node/9453"
"/Content/FindTaxesAndRates/OtherTaxes/Timber/SmallHarvesters.aspx","node/9454"
"/content/findtaxesandrates/OtherTaxes/Timber/forst_stump90.aspx","node/9455"
"/content/findtaxesandrates/othertaxes/timber/lookupataxrate/","node/9456"
"/content/findtaxesandrates/OtherTaxes/Timber/forst_stump80.aspx","node/9457"
"/content/findtaxesandrates/OtherTaxes/Timber/forst_stump70.aspx","node/9458"
"/Content/FindTaxesAndRates/OtherTaxes/Timber/forst_stump10.aspx","node/9459"
"/Content/FindTaxesAndRates/OtherTaxes/Timber/forst_stump00.aspx","node/9460"
"/content/findtaxesandrates/OtherTaxes/Timber/forst_stump.aspx","node/9461"
"/content/findtaxesandrates/OtherTaxes/Timber/forst_RnLs.aspx","node/9462"
"/content/FindTaxesAndRates/PropertyTax/Default.aspx","node/9463"
"/content/findtaxesandrates/OtherTaxes/Timber/forst_lvs.aspx","node/9464"
"/content/findtaxesandrates/OtherTaxes/Timber/forst_pubcatag.aspx","node/9465"
"/Content/FindTaxesAndRates/OtherTaxes/tax_payingestatetax.aspx","node/9466"
"/Content/FindTaxesAndRates/LocCodeRateTableFields.aspx","node/9467"
"/Content/FindTaxesAndRates/PropertyTax/ApportionmentReporting.aspx","node/9468"
"/content/FindTaxesAndRates/korean/","node/9469"
"/content/findtaxesandrates/IncomeTax/Default.aspx","node/9470"
"/content/FindTaxesAndRates/gisDisclaimer.aspx","node/9471"
"/Content/FindTaxesAndRates/espanol/","node/9472"
"/content/FindTaxesAndRates/Downloads.aspx","node/9473"
"/Content/FindTaxesAndRates/gisDownloadInstr.aspx","node/9474"
"/Content/FindTaxesAndRates/DataFieldDescriptions.aspx","node/9475"
"/content/FindTaxesAndRates/ch/","node/9476"
"/Content/FindTaxesAndRates/BAndOTax/EcNexRules.aspx","node/9477"
"/Content/FindTaxesAndRates/BAndOTax/BandOrates.aspx","node/9478"
"/Content/FindTaxesAndRates/BAndOTax/EconomicNexusQnA.aspx","node/9479"
"/Content/FindTaxesAndRates/BAndOTax/ApportionableIncome.aspx","node/9480"
"/Content/FindTaxesAndRates/BAndOTax/ApportionableActivities.aspx","node/9481"
"/Content/FindALawOrRule/RuleMaking/TaxAdvisoryProcess.aspx","node/9482"
"/content/findalaworrule/RuleMaking/Participate/laws_subscribe.aspx","node/9483"
"/Content/FindALawOrRule/RuleMaking/DraftETAs/default.aspx","node/9484"
"/Content/FindALawOrRule/RuleMaking/TaxAdvisories.aspx","node/9485"
"/Content/FindALawOrRule/RuleMaking/process.aspx","node/9486"
"/content/findalaworrule/RuleMaking/Participate/default.aspx","node/9487"
"/Content/FindALawOrRule/RuleMaking/FAQ.aspx","node/9488"
"/content/findalaworrule/RuleMaking/default.aspx","node/9489"
"/content/FileAndPayTaxes/ReportNoBusinessActivity/Default.aspx","node/9490"
"/content/FileAndPayTaxes/LateFiling/doingBus_RequestPenWaiver.aspx","node/9491"
"/content/findalaworrule/RuleMaking/agenda.aspx","node/9492"
"/Content/FileAndPayTaxes/LateFiling/doingBus_Delinquent.aspx","node/9493"
"/Content/FindALawOrRule/ETA/crossrefeta3000.aspx","node/9494"
"/Content/FindALawOrRule/WTD/PastWTD.aspx","node/9495"
"/content/FileAndPayTaxes/LateFiling/Default.aspx","node/9496"
"/content/FileAndPayTaxes/FilingFrequenciesAndDueDates/doingBus_NonReporting.aspx","node/9497"
"/Content/FileAndPayTaxes/FilingFrequenciesAndDueDates/doingBus_ExcDueDts_17.aspx","node/9498"
"/Content/FileAndPayTaxes/FilingFrequenciesAndDueDates/doingBus_ExcDueDts_16.aspx","node/9499"
"/content/FileAndPayTaxes/FilingFrequenciesAndDueDates/doingBus_fldead.aspx","node/9500"
"/Content/FileAndPayTaxes/FilingFrequenciesAndDueDates/doingBus_ExcDueDts_15.aspx","node/9501"
"/content/fileandpaytaxes/FilingFrequenciesAndDueDates/doingBus_ExcDueDts_14.aspx","node/9502"
"/Content/FileAndPayTaxes/FilingFrequenciesAndDueDates/doingBus_ExcDueDts_13.aspx","node/9503"
"/Content/FileAndPayTaxes/FilingFrequenciesAndDueDates/doingBus_ExcDueDts.aspx","node/9504"
"/Content/FileAndPayTaxes/FilingFrequenciesAndDueDates/doingBus_ExcDueDts_12.aspx","node/9505"
"/content/fileandpaytaxes/FilingFrequenciesAndDueDates/doingBus_ExcDueDts_11.aspx","node/9506"
"/Content/FileAndPayTaxes/FilingFrequenciesAndDueDates/doingBus_ExcDueDts_09.aspx","node/9507"
"/content/FileAndPayTaxes/LateFiling/doingBus_RequestExtension.aspx","node/9508"
"/Content/FileAndPayTaxes/FilingFrequenciesAndDueDates/doingBus_EFTDueDts_17.aspx","node/9509"
"/Content/FileAndPayTaxes/FilingFrequenciesAndDueDates/doingBus_EFTDueDts_16.aspx","node/9510"
"/Content/FileAndPayTaxes/FilingFrequenciesAndDueDates/doingBus_EFTDueDts_15.aspx","node/9511"
"/content/fileandpaytaxes/FilingFrequenciesAndDueDates/doingBus_EFTDueDts_14.aspx","node/9512"
"/content/fileandpaytaxes/FilingFrequenciesAndDueDates/doingBus_EFTDueDts_11.aspx","node/9513"
"/Content/FileAndPayTaxes/FilingFrequenciesAndDueDates/doingBus_EFTDueDts_13.aspx","node/9514"
"/Content/FileAndPayTaxes/FilingFrequenciesAndDueDates/doingBus_EFTDueDts_09.aspx","node/9515"
"/Content/FileAndPayTaxes/FilingFrequenciesAndDueDates/doingBus_EFTDueDts_08.aspx","node/9516"
"/Content/FileAndPayTaxes/FilingFrequenciesAndDueDates/doingBus_EFTDueDts.aspx","node/9517"
"/Content/FileAndPayTaxes/FileOrAmendMyReturn/retailing/retailingact_StateSalesTax.aspx","node/9518"
"/Content/FileAndPayTaxes/FileOrAmendMyReturn/retailing/retailingact_ReturnHints.aspx","node/9519"
"/Content/FileAndPayTaxes/FileOrAmendMyReturn/retailing/retailingact_Totals.aspx","node/9520"
"/Content/FileAndPayTaxes/FileOrAmendMyReturn/retailing/retailingact_OtherUseTax.aspx","node/9521"
"/Content/FileAndPayTaxes/FileOrAmendMyReturn/retailing/retailingact_DeductionDetail.aspx","node/9522"
"/Content/FileAndPayTaxes/FileOrAmendMyReturn/retailing/retailingact_BnO.aspx","node/9523"
"/Content/FileAndPayTaxes/FileOrAmendMyReturn/retailing/retailingact_Credits.aspx","node/9524"
"/Content/FileAndPayTaxes/FilingFrequenciesAndDueDates/doingBus_EFTDueDts_12.aspx","node/9525"
"/Content/FileAndPayTaxes/FileOrAmendMyReturn/PACLocations.aspx","node/9526"
"/Content/FileAndPayTaxes/FileOrAmendMyReturn/retailing/default.aspx","node/9527"
"/Content/FileAndPayTaxes/FileOrAmendMyReturn/MethodsOfPayment.aspx","node/9528"
"/content/fileandpaytaxes/FileOrAmendMyReturn/ExciseReturnIns_VII.aspx","node/9529"
"/content/fileandpaytaxes/FileOrAmendMyReturn/ExciseReturnIns_VI.aspx","node/9530"
"/content/fileandpaytaxes/FileOrAmendMyReturn/ExciseReturnIns_IV.aspx","node/9531"
"/content/fileandpaytaxes/FileOrAmendMyReturn/ExciseReturnIns_III.aspx","node/9532"
"/Content/FileAndPayTaxes/FileOrAmendMyReturn/retailing/retailingact_UseTax.aspx","node/9533"
"/content/fileandpaytaxes/FileOrAmendMyReturn/ExciseReturnIns_V.aspx","node/9534"
"/content/fileandpaytaxes/FileOrAmendMyReturn/ExciseReturnIns_II.aspx","node/9535"
"/content/fileandpaytaxes/FileOrAmendMyReturn/ExciseReturnIns_I.aspx","node/9536"
"/content/fileandpaytaxes/FileOrAmendMyReturn/ExciseReturnIns.aspx","node/9537"
"/Content/FileAndPayTaxes/FileOrAmendMyReturn/ExciseReturnDedDetail.aspx","node/9538"
"/Content/FileAndPayTaxes/FileOrAmendMyReturn/EfileTaxPreparerQA.aspx","node/9539"
"/content/fileandpaytaxes/FileOrAmendMyReturn/doingBus_ExciseReturnDedDetail.aspx","node/9540"
"/content/fileandpaytaxes/FileOrAmendMyReturn/ExciseReturnHints.aspx","node/9541"
"/Content/FileAndPayTaxes/FileOrAmendMyReturn/doingBus_eft.aspx","node/9542"
"/content/fileandpaytaxes/FileOrAmendMyReturn/Default.aspx","node/9543"
"/Content/FileAndPayTaxes/FileOrAmendMyReturn/BOInstructions/IV.aspx","node/9544"
"/Content/FileAndPayTaxes/FileOrAmendMyReturn/BOInstructions/I.aspx","node/9545"
"/Content/FileAndPayTaxes/FileOrAmendMyReturn/BOInstructions/III.aspx","node/9546"
"/Content/FileAndPayTaxes/FileOrAmendMyReturn/BOInstructions/Detail.aspx","node/9547"
"/Content/FileAndPayTaxes/FileOrAmendMyReturn/BOInstructions/II.aspx","node/9548"
"/Content/FileAndPayTaxes/FileOrAmendMyReturn/AmndRetrn.aspx","node/9549"
"/content/FileAndPayTaxes/BeforeIFile/doingBus_CommonBusActivities.aspx","node/9550"
"/Content/FileAndPayTaxes/FilingFrequenciesAndDueDates/doingBus_DetermineAnnTax.aspx","node/9551"
"/content/FileAndPayTaxes/BeforeIFile/Def_TxClass.aspx","node/9552"
"/content/doingbusiness/registermybusiness/brd/Help.aspx","node/9553"
"/content/doingbusiness/registermybusiness/brd/IgnoredWords.aspx","node/9554"
"/content/doingbusiness/myaccount/join/SecureMessaging.aspx","node/9555"
"/content/doingbusiness/MyAccount/TaxStatusLetter.aspx","node/9556"
"/Content/DoingBusiness/RegisterMyBusiness/BRD/Contact.aspx","node/9557"
"/Content/DoingBusiness/MyAccount/doingBus_CorpDiss.aspx","node/9558"
"/content/DoingBusiness/MyAccount/doingBus_CloseDORAcct.aspx","node/9559"
"/Content/DoingBusiness/MyAccount/Join/Default.aspx","node/9560"
"/Content/DoingBusiness/LIPAFinancing.aspx","node/9561"
"/Content/DoingBusiness/IPD.aspx","node/9562"
"/content/doingbusiness/BusinessTypes/Doingbus_tempreg.aspx","node/9563"
"/Content/DoingBusiness/BusinessTypes/doingBus_OutOfStBus.aspx","node/9564"
"/Content/DoingBusiness/Audits/doingBus_TaxCollectProc.aspx","node/9565"
"/content/doingbusiness/Audits/survey.aspx","node/9566"
"/content/doingbusiness/audits/doingBus_AuditFAQ.aspx","node/9567"
"/content/ContactUs/Telephone/Default.aspx","node/9568"
"/Content/DoingBusiness/6050Distributions.aspx","node/9569"
"/Content/ContactUs/PublicRecords/default.aspx","node/9570"
"/content/ContactUs/Email/Default.aspx","node/9571"
"/content/contactus/email/con_prindex.aspx","node/9572"
"/content/ContactUs/Mail/con_rqstconf.aspx","node/9573"
"/Content/ContactUs/con_residdef.aspx","node/9574"
"/Content/DoingBusiness/BusinessTypes/nonprofits.aspx","node/9575"
"/content/AboutUs/whatwedo.aspx","node/9576"
"/Content/ContactUs/Cparform.aspx","node/9577"
"/Content/ContactUs/con_report.aspx","node/9578"
"/content/aboutus/taxpayerrights.aspx","node/9579"
"/Content/AboutUs/StatisticsAndReports/stats_utva2015.aspx","node/9580"
"/content/doingbusiness/audits/doingBus_MgdAudit.aspx","node/9581"
"/Content/AboutUs/StatisticsAndReports/stats_utva2014.aspx","node/9582"
"/Content/AboutUs/StatisticsAndReports/stats_utva2013.aspx","node/9583"
"/Content/AboutUs/StatisticsAndReports/stats_utva2009.aspx","node/9584"
"/Content/AboutUs/StatisticsAndReports/stats_utva2012.aspx","node/9585"
"/Content/AboutUs/StatisticsAndReports/stats_utva2010.aspx","node/9586"
"/Content/AboutUs/StatisticsAndReports/stats_utva2011.aspx","node/9587"
"/Content/AboutUs/StatisticsAndReports/stats_utva2008.aspx","node/9588"
"/Content/AboutUs/StatisticsAndReports/stats_utva2006.aspx","node/9589"
"/Content/AboutUs/StatisticsAndReports/stats_utva2007.aspx","node/9590"
"/Content/AboutUs/StatisticsAndReports/stats_utva2005.aspx","node/9591"
"/Content/AboutUs/StatisticsAndReports/stats_utva2003.aspx","node/9592"
"/Content/AboutUs/StatisticsAndReports/stats_utva2002.aspx","node/9593"
"/Content/AboutUs/StatisticsAndReports/stats_utva2000.aspx","node/9594"
"/Content/AboutUs/StatisticsAndReports/stats_utva2001.aspx","node/9595"
"/content/AboutUs/StatisticsAndReports/stats_TRS.aspx","node/9596"
"/content/AboutUs/StatisticsAndReports/stats_taxretail.aspx","node/9597"
"/Content/AboutUs/StatisticsAndReports/stats_tax_legislation.aspx","node/9598"
"/Content/AboutUs/StatisticsAndReports/stats_SST.aspx","node/9599"
"/Content/AboutUs/StatisticsAndReports/stats_SpiritsTaxes.aspx","node/9600"
"/content/aboutus/statisticsandreports/stats_realproperty.aspx","node/9601"
"/Content/AboutUs/StatisticsAndReports/stats_proptaxctyratios.aspx","node/9602"
"/content/AboutUs/StatisticsAndReports/stats_proptaxstats.aspx","node/9603"
"/Content/AboutUs/StatisticsAndReports/stats_Nongeneral_Fund_Archives.aspx","node/9604"
"/Content/AboutUs/StatisticsAndReports/stats_lrs2016.aspx","node/9605"
"/Content/AboutUs/StatisticsAndReports/stats_utva2004.aspx","node/9606"
"/Content/AboutUs/StatisticsAndReports/stats_lrs2015.aspx","node/9607"
"/Content/AboutUs/StatisticsAndReports/stats_lrs2012.aspx","node/9608"
"/Content/AboutUs/StatisticsAndReports/stats_lrs2010.aspx","node/9609"
"/Content/AboutUs/StatisticsAndReports/stats_lrs2013.aspx","node/9610"
"/Content/AboutUs/StatisticsAndReports/stats_lrs2009.aspx","node/9611"
"/Content/AboutUs/StatisticsAndReports/stats_lrs2005.aspx","node/9612"
"/Content/AboutUs/StatisticsAndReports/stats_lrs2007.aspx","node/9613"
"/Content/AboutUs/StatisticsAndReports/stats_proptaxstats_LevyDetail.aspx","node/9614"
"/Content/AboutUs/StatisticsAndReports/stats_lrs2006.aspx","node/9615"
"/Content/AboutUs/StatisticsAndReports/stats_lrs2004.aspx","node/9616"
"/Content/AboutUs/StatisticsAndReports/stats_lrs2008.aspx","node/9617"
"/Content/AboutUs/StatisticsAndReports/stats_lrs2002.aspx","node/9618"
"/content/aboutus/statisticsandreports/stats_HighTech_TaxIncentives.aspx","node/9619"
"/Content/AboutUs/StatisticsAndReports/stats_lrs2001.aspx","node/9620"
"/Content/AboutUs/StatisticsAndReports/stats_lrs2014.aspx","node/9621"
"/Content/AboutUs/StatisticsAndReports/stats_lrs2011.aspx","node/9622"
"/content/AboutUs/StatisticsAndReports/stats_index_legislation.aspx","node/9623"
"/content/aboutus/statisticsandreports/stats_Aerospace_TaxIncentives.aspx","node/9624"
"/Content/AboutUs/StatisticsAndReports/stats_Archived_Reports.aspx","node/9625"
"/content/aboutus/statisticsandreports/stats_ComplianceStudy.aspx","node/9626"
"/content/AboutUs/StatisticsAndReports/stats_ExemptionStudy.aspx","node/9627"
"/content/aboutus/statisticsandreports/stats_Descriptive_Statistics.aspx","node/9628"
"/Content/AboutUs/StatisticsAndReports/QBR_Changes.aspx","node/9629"
"/content/AboutUs/StatisticsAndReports/Retailers_Cost_Study/default.aspx","node/9630"
"/Content/AboutUs/StatisticsAndReports/muni_bo_study.aspx","node/9631"
"/Content/AboutUs/StatisticsAndReports/line_code_detail/default.aspx","node/9632"
"/content/AboutUs/StatisticsAndReports/IntercoTranStudy.aspx","node/9633"
"/content/AboutUs/StatisticsAndReports/Compliance_Study/default.aspx","node/9634"
"/content/AboutUs/StatisticsAndReports/High_Tech_RandD_Study/default.aspx","node/9635"
"/Content/AboutUs/StatisticsAndReports/2016/qbr216/default.aspx","node/9636"
"/Content/AboutUs/StatisticsAndReports/stats_complist.aspx","node/9637"
"/Content/AboutUs/StatisticsAndReports/2016/qbr116/default.aspx","node/9638"
"/Content/AboutUs/StatisticsAndReports/2015/qbrcal15/default.aspx","node/9639"
"/Content/AboutUs/StatisticsAndReports/2015/Tax_Statistics_2015/default.aspx","node/9640"
"/Content/AboutUs/StatisticsAndReports/2015/qbr415/default.aspx","node/9641"
"/Content/AboutUs/StatisticsAndReports/Mitigation/Default.aspx","node/9642"
"/Content/AboutUs/StatisticsAndReports/2015/qbr315/default.aspx","node/9643"
"/Content/AboutUs/StatisticsAndReports/stats_lrs2003.aspx","node/9644"
"/Content/AboutUs/StatisticsAndReports/2015/qbr215/default.aspx","node/9645"
"/content/AboutUs/StatisticsAndReports/2015/Property_Tax_Statistics_2015/county-assessor-report.aspx","node/9646"
"/Content/AboutUs/StatisticsAndReports/2015/qbr115/default.aspx","node/9647"
"/Content/AboutUs/StatisticsAndReports/2014/Tax_Statistics_2014/default.aspx","node/9648"
"/Content/AboutUs/StatisticsAndReports/2014/qbrcal14/default.aspx","node/9649"
"/Content/AboutUs/StatisticsAndReports/2014/qbr414/default.aspx","node/9650"
"/Content/AboutUs/StatisticsAndReports/2014/qbr314/default.aspx","node/9651"
"/Content/AboutUs/StatisticsAndReports/2014/qbr214/default.aspx","node/9652"
"/Content/AboutUs/StatisticsAndReports/2014/qbr114/default.aspx","node/9653"
"/content/AboutUs/StatisticsAndReports/2014/Property_Tax_Statistics_2014/county-assessor-report.aspx","node/9654"
"/Content/AboutUs/StatisticsAndReports/2013/Tax_Statistics_2013/default.aspx","node/9655"
"/Content/AboutUs/StatisticsAndReports/2013/qbrcal13/default.aspx","node/9656"
"/Content/AboutUs/StatisticsAndReports/2013/qbr313/default.aspx","node/9657"
"/Content/AboutUs/StatisticsAndReports/2013/qbr413/default.aspx","node/9658"
"/Content/AboutUs/StatisticsAndReports/2013/qbr213/default.aspx","node/9659"
"/Content/AboutUs/StatisticsAndReports/2013/Property_Tax_Statistics_2013/default.aspx","node/9660"
"/Content/AboutUs/StatisticsAndReports/2013/qbr113/default.aspx","node/9661"
"/Content/AboutUs/StatisticsAndReports/2013/Property_Tax_Statistics_2013/county-assessor-report.aspx","node/9662"
"/Content/AboutUs/StatisticsAndReports/2013/Compare13/default.aspx","node/9663"
"/Content/AboutUs/StatisticsAndReports/2012/Tax_Statistics_2012/default.aspx","node/9664"
"/Content/AboutUs/StatisticsAndReports/2012/Tax_Exemptions_2012/Default.aspx","node/9665"
"/Content/AboutUs/StatisticsAndReports/2012/qbrcal12/default.aspx","node/9666"
"/Content/AboutUs/StatisticsAndReports/2012/qbr412/default.aspx","node/9667"
"/Content/AboutUs/StatisticsAndReports/2012/qbr312/default.aspx","node/9668"
"/Content/AboutUs/StatisticsAndReports/2012/qbr212/default.aspx","node/9669"
"/Content/AboutUs/StatisticsAndReports/2012/qbr112/default.aspx","node/9670"
"/Content/AboutUs/StatisticsAndReports/2012/Property_Tax_Statistics_2012/default.aspx","node/9671"
"/Content/AboutUs/StatisticsAndReports/stats_lrs2000.aspx","node/9672"
"/Content/AboutUs/StatisticsAndReports/2012/Compare12/default.aspx","node/9673"
"/Content/AboutUs/StatisticsAndReports/2012/Property_Tax_Statistics_2012/county-assessor-report.aspx","node/9674"
"/Content/AboutUs/StatisticsAndReports/2011/Tax_Statistics_2011/default.aspx","node/9675"
"/Content/AboutUs/StatisticsAndReports/2011/qbrcal11/default.aspx","node/9676"
"/Content/AboutUs/StatisticsAndReports/2011/qbr411/Default.aspx","node/9677"
"/Content/AboutUs/StatisticsAndReports/2011/qbr311/Default.aspx","node/9678"
"/Content/AboutUs/StatisticsAndReports/2011/qbr211/Default.aspx","node/9679"
"/Content/AboutUs/StatisticsAndReports/2011/Compare11/default.aspx","node/9680"
"/Content/AboutUs/StatisticsAndReports/2011/qbr111/Default.aspx","node/9681"
"/Content/AboutUs/StatisticsAndReports/2010/Tax_Statistics_2010/default.aspx","node/9682"
"/Content/AboutUs/StatisticsAndReports/2011/Property_Tax_Statistics_2011/default.aspx","node/9683"
"/Content/AboutUs/StatisticsAndReports/2010/Tax_Reference_2010/default.aspx","node/9684"
"/Content/AboutUs/StatisticsAndReports/2010/qbrcal10/Default.aspx","node/9685"
"/Content/AboutUs/StatisticsAndReports/2010/qbr410/default.aspx","node/9686"
"/Content/AboutUs/StatisticsAndReports/2010/qbr310/Default.aspx","node/9687"
"/Content/AboutUs/StatisticsAndReports/2010/qbr210/default.aspx","node/9688"
"/Content/AboutUs/StatisticsAndReports/2010/qbr110/default.aspx","node/9689"
"/Content/AboutUs/StatisticsAndReports/2009/Tax_Statistics_2009/default.aspx","node/9690"
"/Content/AboutUs/StatisticsAndReports/2009/qbrcal09/default.aspx","node/9691"
"/Content/AboutUs/StatisticsAndReports/2009/qbr409/default.aspx","node/9692"
"/Content/AboutUs/StatisticsAndReports/2009/qbr309/default.aspx","node/9693"
"/Content/AboutUs/StatisticsAndReports/2009/qbr209/default.aspx","node/9694"
"/Content/AboutUs/StatisticsAndReports/2009/qbr109/default.aspx","node/9695"
"/Content/AboutUs/StatisticsAndReports/2009/Property_Tax_Statistics_2009/default.aspx","node/9696"
"/Content/AboutUs/StatisticsAndReports/2008/Tax_Statistics_2008/default.aspx","node/9697"
"/Content/AboutUs/StatisticsAndReports/2009/Compare09/default.aspx","node/9698"
"/Content/AboutUs/StatisticsAndReports/2010/Compare10/default.aspx","node/9699"
"/Content/AboutUs/StatisticsAndReports/2008/qbrcal08/default.aspx","node/9700"
"/Content/AboutUs/StatisticsAndReports/2008/qbr208/default.aspx","node/9701"
"/Content/AboutUs/StatisticsAndReports/2008/qbr408/default.aspx","node/9702"
"/Content/AboutUs/StatisticsAndReports/2008/qbr308/default.aspx","node/9703"
"/Content/AboutUs/StatisticsAndReports/2008/qbr108/default.aspx","node/9704"
"/Content/AboutUs/StatisticsAndReports/2008/Property_Tax_Statistics_2008/default.aspx","node/9705"
"/Content/AboutUs/StatisticsAndReports/2008/Compare08/default.aspx","node/9706"
"/Content/AboutUs/StatisticsAndReports/2007/Tax_Statistics_2007/default.aspx","node/9707"
"/Content/AboutUs/StatisticsAndReports/2007/qbrcal07/default.aspx","node/9708"
"/Content/AboutUs/StatisticsAndReports/2007/qbr307/default.aspx","node/9709"
"/Content/AboutUs/StatisticsAndReports/2007/qbr207/default.aspx","node/9710"
"/Content/AboutUs/StatisticsAndReports/2007/qbr107/default.aspx","node/9711"
"/Content/AboutUs/StatisticsAndReports/2007/Compare07/default.aspx","node/9712"
"/Content/AboutUs/StatisticsAndReports/2007/Property_Tax_Statistics_2007/default.aspx","node/9713"
"/content/aboutus/statisticsandreports/2006/qbrcal06/default.aspx","node/9714"
"/Content/AboutUs/StatisticsAndReports/2006/Tax_Statistics_2006/default.aspx","node/9715"
"/Content/AboutUs/StatisticsAndReports/2006/qbr306/default.aspx","node/9716"
"/content/aboutus/statisticsandreports/2006/qbr406/default.aspx","node/9717"
"/Content/AboutUs/StatisticsAndReports/2010/Property_Tax_Statistics_2010/default.aspx","node/9718"
"/Content/AboutUs/StatisticsAndReports/2006/qbr106/default.aspx","node/9719"
"/Content/AboutUs/StatisticsAndReports/2006/qbr206/default.aspx","node/9720"
"/Content/AboutUs/StatisticsAndReports/2006/Compare06/default.aspx","node/9721"
"/Content/AboutUs/StatisticsAndReports/2007/qbr407/default.aspx","node/9722"
"/Content/AboutUs/StatisticsAndReports/2006/Property_Tax_Statistics_2006/default.aspx","node/9723"
"/Content/AboutUs/StatisticsAndReports/2005/qbrcal05/default.aspx","node/9724"
"/Content/AboutUs/StatisticsAndReports/2005/Tax_Statistics_2005/default.aspx","node/9725"
"/Content/AboutUs/StatisticsAndReports/2005/qbr305/default.aspx","node/9726"
"/Content/AboutUs/StatisticsAndReports/2005/qbr205/default.aspx","node/9727"
"/Content/AboutUs/StatisticsAndReports/2004/Tax_Exemptions_2004/Default.aspx","node/9728"
"/Content/AboutUs/StatisticsAndReports/2005/qbr105/default.aspx","node/9729"
"/Content/AboutUs/StatisticsAndReports/2005/Property_Tax_Statistics_2005/default.aspx","node/9730"
"/Content/AboutUs/StatisticsAndReports/2005/Compare05/default.aspx","node/9731"
"/Content/AboutUs/StatisticsAndReports/2004/Tax_Statistics_2004/default.aspx","node/9732"
"/Content/AboutUs/StatisticsAndReports/2004/qbrcal04/default.aspx","node/9733"
"/Content/AboutUs/StatisticsAndReports/2004/qbr404/default.aspx","node/9734"
"/Content/AboutUs/StatisticsAndReports/2004/qbr104/default.aspx","node/9735"
"/Content/AboutUs/StatisticsAndReports/2005/qbr405/default.aspx","node/9736"
"/Content/AboutUs/StatisticsAndReports/2004/qbr204/default.aspx","node/9737"
"/Content/AboutUs/StatisticsAndReports/2003/Tax_Statistics_2003/default.aspx","node/9738"
"/Content/AboutUs/StatisticsAndReports/2004/Compare04/default.aspx","node/9739"
"/Content/AboutUs/StatisticsAndReports/2003/qbrcal03/default.aspx","node/9740"
"/Content/AboutUs/StatisticsAndReports/2003/qbr203/default.aspx","node/9741"
"/Content/AboutUs/StatisticsAndReports/2003/qbr303/Default.aspx","node/9742"
"/Content/AboutUs/StatisticsAndReports/2003/qbr403/Default.aspx","node/9743"
"/Content/AboutUs/StatisticsAndReports/2003/qbr103/default.aspx","node/9744"
"/Content/AboutUs/StatisticsAndReports/2004/qbr304/default.aspx","node/9745"
"/Content/AboutUs/StatisticsAndReports/2002/qbrcal02/default.aspx","node/9746"
"/Content/AboutUs/StatisticsAndReports/2002/Tax_Statistics_2002/default.aspx","node/9747"
"/Content/AboutUs/StatisticsAndReports/2002/qbr302/default.aspx","node/9748"
"/Content/AboutUs/StatisticsAndReports/2002/qbr202/default.aspx","node/9749"
"/Content/AboutUs/StatisticsAndReports/2002/Property_Tax_Statistics_2002/default.aspx","node/9750"
"/Content/AboutUs/StatisticsAndReports/2002/qbr102/default.aspx","node/9751"
"/Content/AboutUs/StatisticsAndReports/2003/Property_Tax_Statistics_2003/default.aspx","node/9752"
"/Content/AboutUs/StatisticsAndReports/2002/Compare02/default.aspx","node/9753"
"/Content/AboutUs/StatisticsAndReports/2003/High_Tech_RandD_Study_2003/default.aspx","node/9754"
"/Content/AboutUs/StatisticsAndReports/2001/Tax_Statistics_2001/stats_section1.aspx","node/9755"
"/Content/AboutUs/StatisticsAndReports/2001/Tax_Statistics_2001/stats_section3.aspx","node/9756"
"/Content/AboutUs/StatisticsAndReports/2001/qbrcal01/default.aspx","node/9757"
"/Content/AboutUs/StatisticsAndReports/2001/Tax_Statistics_2001/stats_section2.aspx","node/9758"
"/Content/AboutUs/StatisticsAndReports/2001/qbr401/default.aspx","node/9759"
"/Content/AboutUs/StatisticsAndReports/2004/Property_Tax_Statistics_2004/default.aspx","node/9760"
"/Content/AboutUs/StatisticsAndReports/2001/qbr101/default.aspx","node/9761"
"/Content/AboutUs/StatisticsAndReports/2000/Tax_Statistics_2000/stats_section3.aspx","node/9762"
"/Content/AboutUs/StatisticsAndReports/2001/qbr201/default.aspx","node/9763"
"/Content/AboutUs/StatisticsAndReports/2001/Property_Tax_Statistics_2001/default.aspx","node/9764"
"/Content/AboutUs/StatisticsAndReports/2000/Tax_Statistics_2000/stats_section2.aspx","node/9765"
"/Content/AboutUs/StatisticsAndReports/2000/Tax_Statistics_2000/default.aspx","node/9766"
"/Content/AboutUs/StatisticsAndReports/2000/Tax_Statistics_2000/stats_section1.aspx","node/9767"
"/Content/AboutUs/StatisticsAndReports/2000/qbr400/default.aspx","node/9768"
"/Content/AboutUs/StatisticsAndReports/2001/Tax_Statistics_2001/default.aspx","node/9769"
"/Content/AboutUs/StatisticsAndReports/2000/QbrCal00/default.aspx","node/9770"
"/Content/AboutUs/StatisticsAndReports/2000/Qbr300/default.aspx","node/9771"
"/Content/AboutUs/StatisticsAndReports/2000/qbr200/default.aspx","node/9772"
"/Content/AboutUs/StatisticsAndReports/2000/High_Tech_RandD_Study_2000/default.aspx","node/9773"
"/Content/AboutUs/StatisticsAndReports/2000/Qbr100/default.aspx","node/9774"
"/Content/AboutUs/StatisticsAndReports/2001/qbr301/default.aspx","node/9775"
"/Content/AboutUs/StatisticsAndReports/2000/Property_Tax_Statistics_2000/default.aspx","node/9776"
"/Content/AboutUs/StatisticsAndReports/2000/Compare00/default.aspx","node/9777"
"/Content/AboutUs/StatisticsAndReports/1999/Tax_Statistics_1999/stats_section4.aspx","node/9778"
"/Content/AboutUs/StatisticsAndReports/1999/Tax_Statistics_1999/stats_section3.aspx","node/9779"
"/Content/AboutUs/StatisticsAndReports/1999/Tax_Statistics_1999/default.aspx","node/9780"
"/Content/AboutUs/StatisticsAndReports/1999/Tax_Statistics_1999/stats_section2.aspx","node/9781"
"/Content/AboutUs/StatisticsAndReports/1999/qbr499/default.aspx","node/9782"
"/Content/AboutUs/StatisticsAndReports/1999/qbrcal99/default.aspx","node/9783"
"/Content/AboutUs/StatisticsAndReports/1999/qbr399/default.aspx","node/9784"
"/Content/AboutUs/StatisticsAndReports/1999/Property_Tax_Statistics_1999/default.aspx","node/9785"
"/Content/AboutUs/StatisticsAndReports/1999/qbr299/default.aspx","node/9786"
"/Content/AboutUs/StatisticsAndReports/1999/Compare99/default.aspx","node/9787"
"/Content/AboutUs/StatisticsAndReports/1998/Tax_Statistics_1998/default.aspx","node/9788"
"/Content/AboutUs/StatisticsAndReports/1999/qbr199/default.aspx","node/9789"
"/Content/AboutUs/StatisticsAndReports/1998/qbrcal98/default.aspx","node/9790"
"/Content/AboutUs/StatisticsAndReports/1998/qbr498/default.aspx","node/9791"
"/Content/AboutUs/StatisticsAndReports/1998/Property_Tax_Statistics_1998/default.aspx","node/9792"
"/Content/AboutUs/StatisticsAndReports/1999/Tax_Statistics_1999/stats_section1.aspx","node/9793"
"/Content/AboutUs/StatisticsAndReports/1998/qbr398/default.aspx","node/9794"
"/Content/AboutUs/StatisticsAndReports/1998/qbr198/default.aspx","node/9795"
"/Content/AboutUs/StatisticsAndReports/1998/Compare98/default.aspx","node/9796"
"/Content/AboutUs/StatisticsAndReports/2002/qbr402/default.aspx","node/9797"
"/Content/AboutUs/StatisticsAndReports/1997/Tax_Statistics_1997/default.aspx","node/9798"
"/Content/AboutUs/StatisticsAndReports/1997/qbrcal97/default.aspx","node/9799"
"/Content/AboutUs/StatisticsAndReports/1997/qbr497/default.aspx","node/9800"
"/Content/AboutUs/StatisticsAndReports/1997/qbr397/default.aspx","node/9801"
"/Content/AboutUs/StatisticsAndReports/1996/qbr496/default.aspx","node/9802"
"/Content/AboutUs/StatisticsAndReports/1997/qbr197/default.aspx","node/9803"
"/Content/AboutUs/StatisticsAndReports/1997/High_Tech_RandD_Study_1997/default.aspx","node/9804"
"/Content/AboutUs/StatisticsAndReports/1996/qbr396/default.aspx","node/9805"
"/Content/AboutUs/StatisticsAndReports/1996/qbrcal96/default.aspx","node/9806"
"/Content/AboutUs/StatisticsAndReports/1998/qbr298/default.aspx","node/9807"
"/Content/AboutUs/StatisticsAndReports/1996/qbr296/default.aspx","node/9808"
"/Content/AboutUs/StatisticsAndReports/1996/qbr196/default.aspx","node/9809"
"/Content/AboutUs/StatisticsAndReports/1995/qbrcal95/default.aspx","node/9810"
"/Content/AboutUs/StatisticsAndReports/1995/qbr495/default.aspx","node/9811"
"/Content/AboutUs/StatisticsAndReports/1995/qbr395/default.aspx","node/9812"
"/content/AboutUs/mission.aspx","node/9813"
"/Content/AboutUs/QualityService.aspx","node/9814"
"/Content/AboutUs/StatisticsAndReports/1997/qbr297/default.aspx","node/9815"
"/content/AboutUs/Heartbleed.aspx","node/9816"
"/Content/AboutUs/contracts.aspx","node/9817"
"/content/AboutUs/CustomerSvcPrinciples.aspx","node/9818"
"/content/AboutUs/careers/Default.aspx","node/9819"
"/content/AboutUs/rss.aspx","node/9820"
"/content/AboutUs/ExecutiveBios.aspx","node/9821"
